en.csv
*.pyc
__pycache__/
asset/__pycache__/__init__.cpython-312.pyc
asset/__pycache__/admin.cpython-312.pyc
asset/__pycache__/apps.cpython-312.pyc
asset/__pycache__/models.cpython-312.pyc
asset/__pycache__/serializers.cpython-312.pyc
asset/__pycache__/urls.cpython-312.pyc
asset/__pycache__/views.cpython-312.pyc
asset/migrations/__pycache__/__init__.cpython-312.pyc
asset/migrations/__pycache__/0001_initial.cpython-312.pyc
asset/migrations/__pycache__/0002_initial.cpython-312.pyc
asset/migrations/__pycache__/0003_digitalasset_components.cpython-312.pyc
asset/migrations/__pycache__/0004_remove_component_parent_frame_component_parent_frame.cpython-312.pyc
asset/migrations/__pycache__/0005_remove_split_component_component_split.cpython-312.pyc
asset/migrations/__pycache__/0006_remove_component_split_component_split.cpython-312.pyc
asset/migrations/__pycache__/0007_rename_parent_frame_component_frame.cpython-312.pyc
asset/migrations/__pycache__/0008_alter_component_frame.cpython-312.pyc
asset/migrations/__pycache__/0009_remove_component_frame_component_parent_frame.cpython-312.pyc
asset/migrations/__pycache__/0010_digitalasset_business_alter_component_size_h_and_more.cpython-312.pyc
asset/migrations/__pycache__/0011_alter_category_options_remove_component_parent_frame_and_more.cpython-312.pyc
backend/__pycache__/settings.cpython-312.pyc
backend/__pycache__/urls.cpython-312.pyc
backend/__pycache__/wsgi.cpython-312.pyc
bookkeeping/__pycache__/__init__.cpython-312.pyc
bookkeeping/__pycache__/admin.cpython-312.pyc
bookkeeping/__pycache__/apps.cpython-312.pyc
bookkeeping/__pycache__/models.cpython-312.pyc
bookkeeping/__pycache__/serializers.cpython-312.pyc
bookkeeping/__pycache__/urls.cpython-312.pyc
bookkeeping/__pycache__/views.cpython-312.pyc
bookkeeping/migrations/__pycache__/__init__.cpython-312.pyc
bookkeeping/migrations/__pycache__/0001_initial.cpython-312.pyc
bookkeeping/migrations/__pycache__/0002_initial.cpython-312.pyc
bookkeeping/migrations/__pycache__/0003_document_documenttype_and_more.cpython-312.pyc
bookkeeping/migrations/__pycache__/0004_alter_document_customer_alter_expense_receiver_and_more.cpython-312.pyc
bookkeeping/migrations/__pycache__/0005_rename_transfers_income_transfer_and_more.cpython-312.pyc
bookkeeping/migrations/__pycache__/0006_expense_business_income_business_transfer_business.cpython-312.pyc
bookkeeping/migrations/__pycache__/0007_rename_transfer_income_transfers.cpython-312.pyc
business/__pycache__/__init__.cpython-312.pyc
business/__pycache__/admin.cpython-312.pyc
business/__pycache__/apps.cpython-312.pyc
business/__pycache__/models.cpython-312.pyc
business/__pycache__/serializers.cpython-312.pyc
business/__pycache__/urls.cpython-312.pyc
business/__pycache__/views.cpython-312.pyc
business/migrations/__pycache__/__init__.cpython-312.pyc
business/migrations/__pycache__/0001_initial.cpython-312.pyc
business/migrations/__pycache__/0002_initial.cpython-312.pyc
business/migrations/__pycache__/0003_catgory_business_catgory.cpython-312.pyc
business/migrations/__pycache__/0004_rename_catgory_category_and_more.cpython-312.pyc
business/migrations/__pycache__/0005_alter_business_id_userbusinesspermission.cpython-312.pyc
business/migrations/__pycache__/0006_mybusiness.cpython-312.pyc
business/migrations/__pycache__/0007_mybusiness_created_at_mybusiness_modified_at_and_more.cpython-312.pyc
business/migrations/__pycache__/0008_mybusiness_user.cpython-312.pyc
business/migrations/__pycache__/0009_business_latitude_business_longitude_business_rating.cpython-312.pyc
cloudditor/__pycache__/__init__.cpython-312.pyc
cloudditor/__pycache__/admin.cpython-312.pyc
cloudditor/__pycache__/apps.cpython-312.pyc
cloudditor/__pycache__/models.cpython-312.pyc
cloudditor/__pycache__/serializers.cpython-312.pyc
cloudditor/__pycache__/urls.cpython-312.pyc
cloudditor/__pycache__/views.cpython-312.pyc
cloudditor/migrations/__pycache__/__init__.cpython-312.pyc
cloudditor/migrations/__pycache__/0001_initial.cpython-312.pyc
customer/__pycache__/__init__.cpython-312.pyc
customer/__pycache__/admin.cpython-312.pyc
customer/__pycache__/apps.cpython-312.pyc
customer/__pycache__/models.cpython-312.pyc
customer/__pycache__/serializers.cpython-312.pyc
customer/__pycache__/urls.cpython-312.pyc
customer/__pycache__/views.cpython-312.pyc
customer/migrations/__pycache__/__init__.cpython-312.pyc
customer/migrations/__pycache__/0001_initial.cpython-312.pyc
customer/migrations/__pycache__/0002_initial.cpython-312.pyc
customer/migrations/__pycache__/0003_customer_status.cpython-312.pyc
customer/migrations/__pycache__/0004_customer_business_potentialcustomer_business.cpython-312.pyc
customer/migrations/__pycache__/0005_potentialcustomer_source.cpython-312.pyc
ecommerce/__pycache__/__init__.cpython-312.pyc
ecommerce/__pycache__/admin.cpython-312.pyc
ecommerce/__pycache__/apps.cpython-312.pyc
ecommerce/__pycache__/models.cpython-312.pyc
ecommerce/__pycache__/serializers.cpython-312.pyc
ecommerce/__pycache__/signals.cpython-312.pyc
ecommerce/__pycache__/urls.cpython-312.pyc
ecommerce/__pycache__/views.cpython-312.pyc
ecommerce/migrations/__pycache__/__init__.cpython-312.pyc
ecommerce/migrations/__pycache__/0001_initial.cpython-312.pyc
ecommerce/migrations/__pycache__/0002_rename_price_to_cutomer_priceproduct_price_to_customer.cpython-312.pyc
ecommerce/migrations/__pycache__/0003_rename_inventory_active_inventory_active_and_more.cpython-312.pyc
employee/__pycache__/__init__.cpython-312.pyc
employee/__pycache__/admin.cpython-312.pyc
employee/__pycache__/apps.cpython-312.pyc
employee/__pycache__/models.cpython-312.pyc
employee/__pycache__/serializers.cpython-312.pyc
employee/__pycache__/urls.cpython-312.pyc
employee/__pycache__/views.cpython-312.pyc
employee/migrations/__pycache__/__init__.cpython-312.pyc
employee/migrations/__pycache__/0001_initial.cpython-312.pyc
employee/migrations/__pycache__/0002_initial.cpython-312.pyc
employee/migrations/__pycache__/0003_employee_business.cpython-312.pyc
employee/migrations/__pycache__/0004_potentialemployee.cpython-312.pyc
location/__pycache__/__init__.cpython-312.pyc
location/__pycache__/admin.cpython-312.pyc
location/__pycache__/apps.cpython-312.pyc
location/__pycache__/models.cpython-312.pyc
location/__pycache__/serializers.cpython-312.pyc
location/__pycache__/urls.cpython-312.pyc
location/__pycache__/views.cpython-312.pyc
location/management/__pycache__/__init__.cpython-312.pyc
location/migrations/__pycache__/__init__.cpython-312.pyc
location/migrations/__pycache__/0001_initial.cpython-312.pyc
location/migrations/__pycache__/0002_continent_laditude_continent_longitude_and_more.cpython-312.pyc
location/migrations/__pycache__/0003_rename_aditude_country_laditude.cpython-312.pyc
location/migrations/__pycache__/0004_rename_laditude_city_latitude_and_more.cpython-312.pyc
project/__pycache__/__init__.cpython-312.pyc
project/__pycache__/admin.cpython-312.pyc
project/__pycache__/apps.cpython-312.pyc
project/__pycache__/models.cpython-312.pyc
project/__pycache__/serializers.cpython-312.pyc
project/__pycache__/urls.cpython-312.pyc
project/__pycache__/views.cpython-312.pyc
project/migrations/__pycache__/__init__.cpython-312.pyc
project/migrations/__pycache__/0001_initial.cpython-312.pyc
project/migrations/__pycache__/0002_project_business.cpython-312.pyc
promotion/__pycache__/__init__.cpython-312.pyc
promotion/__pycache__/admin.cpython-312.pyc
promotion/__pycache__/apps.cpython-312.pyc
promotion/__pycache__/models.cpython-312.pyc
promotion/__pycache__/serializers.cpython-312.pyc
promotion/__pycache__/urls.cpython-312.pyc
promotion/__pycache__/views.cpython-312.pyc
promotion/migrations/__pycache__/__init__.cpython-312.pyc
promotion/migrations/__pycache__/0001_initial.cpython-312.pyc
promotion/migrations/__pycache__/0002_remove_campaign_description_and_more.cpython-312.pyc
settings/__pycache__/__init__.cpython-312.pyc
settings/__pycache__/admin.cpython-312.pyc
settings/__pycache__/apps.cpython-312.pyc
settings/__pycache__/models.cpython-312.pyc
settings/__pycache__/serializers.cpython-312.pyc
settings/__pycache__/urls.cpython-312.pyc
settings/__pycache__/views.cpython-312.pyc
settings/migrations/__pycache__/__init__.cpython-312.pyc
settings/migrations/__pycache__/0001_initial.cpython-312.pyc
sync/__pycache__/__init__.cpython-312.pyc
sync/__pycache__/admin.cpython-312.pyc
sync/__pycache__/apps.cpython-312.pyc
sync/__pycache__/models.cpython-312.pyc
sync/migrations/__pycache__/__init__.cpython-312.pyc
telecom/__pycache__/__init__.cpython-312.pyc
telecom/__pycache__/admin.cpython-312.pyc
telecom/__pycache__/apps.cpython-312.pyc
telecom/__pycache__/models.cpython-312.pyc
telecom/__pycache__/serializers.cpython-312.pyc
telecom/__pycache__/urls.cpython-312.pyc
telecom/__pycache__/views.cpython-312.pyc
telecom/migrations/__pycache__/__init__.cpython-312.pyc
telecom/migrations/__pycache__/0001_initial.cpython-312.pyc
user/__pycache__/__init__.cpython-312.pyc
user/__pycache__/admin.cpython-312.pyc
user/__pycache__/apps.cpython-312.pyc
user/__pycache__/models.cpython-312.pyc
user/__pycache__/serializers.cpython-312.pyc
user/__pycache__/urls.cpython-312.pyc
user/__pycache__/views.cpython-312.pyc
user/migrations/__pycache__/__init__.cpython-312.pyc
user/migrations/__pycache__/0001_initial.cpython-312.pyc
user/migrations/__pycache__/0002_business_alter_user_options_alter_account_business_and_more.cpython-312.pyc
user/migrations/__pycache__/0003_alter_businesspermission_unique_together_and_more.cpython-312.pyc
user/migrations/__pycache__/0004_alter_businesspermission_unique_together_and_more.cpython-312.pyc
user/migrations/__pycache__/0005_alter_businesspermission_unique_together_and_more.cpython-312.pyc
user/migrations/__pycache__/0006_alter_account_business_alter_account_user_and_more.cpython-312.pyc
user/migrations/__pycache__/0007_otp.cpython-312.pyc
asset/__pycache__/__init__.cpython-312.pyc
asset/__pycache__/admin.cpython-312.pyc
asset/__pycache__/apps.cpython-312.pyc
asset/__pycache__/models.cpython-312.pyc
asset/__pycache__/serializers.cpython-312.pyc
asset/__pycache__/urls.cpython-312.pyc
asset/__pycache__/views.cpython-312.pyc
asset/migrations/__pycache__/__init__.cpython-312.pyc
asset/migrations/__pycache__/0001_initial.cpython-312.pyc
asset/migrations/__pycache__/0002_initial.cpython-312.pyc
asset/migrations/__pycache__/0003_digitalasset_components.cpython-312.pyc
asset/migrations/__pycache__/0004_remove_component_parent_frame_component_parent_frame.cpython-312.pyc
asset/migrations/__pycache__/0005_remove_split_component_component_split.cpython-312.pyc
asset/migrations/__pycache__/0006_remove_component_split_component_split.cpython-312.pyc
asset/migrations/__pycache__/0007_rename_parent_frame_component_frame.cpython-312.pyc
asset/migrations/__pycache__/0008_alter_component_frame.cpython-312.pyc
asset/migrations/__pycache__/0009_remove_component_frame_component_parent_frame.cpython-312.pyc
asset/migrations/__pycache__/0010_digitalasset_business_alter_component_size_h_and_more.cpython-312.pyc
asset/migrations/__pycache__/0011_alter_category_options_remove_component_parent_frame_and_more.cpython-312.pyc
backend/__pycache__/settings.cpython-312.pyc
backend/__pycache__/urls.cpython-312.pyc
backend/__pycache__/wsgi.cpython-312.pyc
bookkeeping/__pycache__/__init__.cpython-312.pyc
bookkeeping/__pycache__/admin.cpython-312.pyc
bookkeeping/__pycache__/apps.cpython-312.pyc
bookkeeping/__pycache__/models.cpython-312.pyc
bookkeeping/__pycache__/serializers.cpython-312.pyc
bookkeeping/__pycache__/urls.cpython-312.pyc
bookkeeping/__pycache__/views.cpython-312.pyc
bookkeeping/migrations/__pycache__/__init__.cpython-312.pyc
bookkeeping/migrations/__pycache__/0001_initial.cpython-312.pyc
bookkeeping/migrations/__pycache__/0002_initial.cpython-312.pyc
bookkeeping/migrations/__pycache__/0003_document_documenttype_and_more.cpython-312.pyc
bookkeeping/migrations/__pycache__/0004_alter_document_customer_alter_expense_receiver_and_more.cpython-312.pyc
bookkeeping/migrations/__pycache__/0005_rename_transfers_income_transfer_and_more.cpython-312.pyc
bookkeeping/migrations/__pycache__/0006_expense_business_income_business_transfer_business.cpython-312.pyc
bookkeeping/migrations/__pycache__/0007_rename_transfer_income_transfers.cpython-312.pyc
business/__pycache__/__init__.cpython-312.pyc
business/__pycache__/admin.cpython-312.pyc
business/__pycache__/apps.cpython-312.pyc
business/__pycache__/models.cpython-312.pyc
business/__pycache__/serializers.cpython-312.pyc
business/__pycache__/urls.cpython-312.pyc
business/__pycache__/views.cpython-312.pyc
business/migrations/__pycache__/__init__.cpython-312.pyc
business/migrations/__pycache__/0001_initial.cpython-312.pyc
business/migrations/__pycache__/0002_initial.cpython-312.pyc
business/migrations/__pycache__/0003_catgory_business_catgory.cpython-312.pyc
business/migrations/__pycache__/0004_rename_catgory_category_and_more.cpython-312.pyc
business/migrations/__pycache__/0005_alter_business_id_userbusinesspermission.cpython-312.pyc
business/migrations/__pycache__/0006_mybusiness.cpython-312.pyc
business/migrations/__pycache__/0007_mybusiness_created_at_mybusiness_modified_at_and_more.cpython-312.pyc
business/migrations/__pycache__/0008_mybusiness_user.cpython-312.pyc
business/migrations/__pycache__/0009_business_latitude_business_longitude_business_rating.cpython-312.pyc
cloudditor/__pycache__/__init__.cpython-312.pyc
cloudditor/__pycache__/admin.cpython-312.pyc
cloudditor/__pycache__/apps.cpython-312.pyc
cloudditor/__pycache__/models.cpython-312.pyc
cloudditor/__pycache__/serializers.cpython-312.pyc
cloudditor/__pycache__/urls.cpython-312.pyc
cloudditor/__pycache__/views.cpython-312.pyc
cloudditor/migrations/__pycache__/__init__.cpython-312.pyc
cloudditor/migrations/__pycache__/0001_initial.cpython-312.pyc
customer/__pycache__/__init__.cpython-312.pyc
customer/__pycache__/admin.cpython-312.pyc
customer/__pycache__/apps.cpython-312.pyc
customer/__pycache__/models.cpython-312.pyc
customer/__pycache__/serializers.cpython-312.pyc
customer/__pycache__/urls.cpython-312.pyc
customer/__pycache__/views.cpython-312.pyc
customer/migrations/__pycache__/__init__.cpython-312.pyc
customer/migrations/__pycache__/0001_initial.cpython-312.pyc
customer/migrations/__pycache__/0002_initial.cpython-312.pyc
customer/migrations/__pycache__/0003_customer_status.cpython-312.pyc
customer/migrations/__pycache__/0004_customer_business_potentialcustomer_business.cpython-312.pyc
customer/migrations/__pycache__/0005_potentialcustomer_source.cpython-312.pyc
ecommerce/__pycache__/__init__.cpython-312.pyc
ecommerce/__pycache__/admin.cpython-312.pyc
ecommerce/__pycache__/apps.cpython-312.pyc
ecommerce/__pycache__/models.cpython-312.pyc
ecommerce/__pycache__/serializers.cpython-312.pyc
ecommerce/__pycache__/signals.cpython-312.pyc
ecommerce/__pycache__/urls.cpython-312.pyc
ecommerce/__pycache__/views.cpython-312.pyc
ecommerce/migrations/__pycache__/__init__.cpython-312.pyc
ecommerce/migrations/__pycache__/0001_initial.cpython-312.pyc
ecommerce/migrations/__pycache__/0002_rename_price_to_cutomer_priceproduct_price_to_customer.cpython-312.pyc
ecommerce/migrations/__pycache__/0003_rename_inventory_active_inventory_active_and_more.cpython-312.pyc
employee/__pycache__/__init__.cpython-312.pyc
employee/__pycache__/admin.cpython-312.pyc
employee/__pycache__/apps.cpython-312.pyc
employee/__pycache__/models.cpython-312.pyc
employee/__pycache__/serializers.cpython-312.pyc
employee/__pycache__/urls.cpython-312.pyc
employee/__pycache__/views.cpython-312.pyc
employee/migrations/__pycache__/__init__.cpython-312.pyc
employee/migrations/__pycache__/0001_initial.cpython-312.pyc
employee/migrations/__pycache__/0002_initial.cpython-312.pyc
employee/migrations/__pycache__/0003_employee_business.cpython-312.pyc
employee/migrations/__pycache__/0004_potentialemployee.cpython-312.pyc
location/__pycache__/__init__.cpython-312.pyc
location/__pycache__/admin.cpython-312.pyc
location/__pycache__/apps.cpython-312.pyc
location/__pycache__/models.cpython-312.pyc
location/__pycache__/serializers.cpython-312.pyc
location/__pycache__/urls.cpython-312.pyc
location/__pycache__/views.cpython-312.pyc
location/management/__pycache__/__init__.cpython-312.pyc
location/migrations/__pycache__/__init__.cpython-312.pyc
location/migrations/__pycache__/0001_initial.cpython-312.pyc
location/migrations/__pycache__/0002_continent_laditude_continent_longitude_and_more.cpython-312.pyc
location/migrations/__pycache__/0003_rename_aditude_country_laditude.cpython-312.pyc
location/migrations/__pycache__/0004_rename_laditude_city_latitude_and_more.cpython-312.pyc
project/__pycache__/__init__.cpython-312.pyc
project/__pycache__/admin.cpython-312.pyc
project/__pycache__/apps.cpython-312.pyc
project/__pycache__/models.cpython-312.pyc
project/__pycache__/serializers.cpython-312.pyc
project/__pycache__/urls.cpython-312.pyc
project/__pycache__/views.cpython-312.pyc
project/migrations/__pycache__/__init__.cpython-312.pyc
project/migrations/__pycache__/0001_initial.cpython-312.pyc
project/migrations/__pycache__/0002_project_business.cpython-312.pyc
promotion/__pycache__/__init__.cpython-312.pyc
promotion/__pycache__/admin.cpython-312.pyc
promotion/__pycache__/apps.cpython-312.pyc
promotion/__pycache__/models.cpython-312.pyc
promotion/__pycache__/serializers.cpython-312.pyc
promotion/__pycache__/urls.cpython-312.pyc
promotion/__pycache__/views.cpython-312.pyc
promotion/migrations/__pycache__/__init__.cpython-312.pyc
promotion/migrations/__pycache__/0001_initial.cpython-312.pyc
promotion/migrations/__pycache__/0002_remove_campaign_description_and_more.cpython-312.pyc
settings/__pycache__/__init__.cpython-312.pyc
settings/__pycache__/admin.cpython-312.pyc
settings/__pycache__/apps.cpython-312.pyc
settings/__pycache__/models.cpython-312.pyc
settings/__pycache__/serializers.cpython-312.pyc
settings/__pycache__/urls.cpython-312.pyc
settings/__pycache__/views.cpython-312.pyc
settings/migrations/__pycache__/__init__.cpython-312.pyc
settings/migrations/__pycache__/0001_initial.cpython-312.pyc
sync/__pycache__/__init__.cpython-312.pyc
sync/__pycache__/admin.cpython-312.pyc
sync/__pycache__/apps.cpython-312.pyc
sync/__pycache__/models.cpython-312.pyc
sync/migrations/__pycache__/__init__.cpython-312.pyc
telecom/__pycache__/__init__.cpython-312.pyc
telecom/__pycache__/admin.cpython-312.pyc
telecom/__pycache__/apps.cpython-312.pyc
telecom/__pycache__/models.cpython-312.pyc
telecom/__pycache__/serializers.cpython-312.pyc
telecom/__pycache__/urls.cpython-312.pyc
telecom/__pycache__/views.cpython-312.pyc
telecom/migrations/__pycache__/__init__.cpython-312.pyc
telecom/migrations/__pycache__/0001_initial.cpython-312.pyc
user/__pycache__/__init__.cpython-312.pyc
user/__pycache__/admin.cpython-312.pyc
user/__pycache__/apps.cpython-312.pyc
user/__pycache__/models.cpython-312.pyc
user/__pycache__/serializers.cpython-312.pyc
user/__pycache__/urls.cpython-312.pyc
user/__pycache__/views.cpython-312.pyc
user/migrations/__pycache__/__init__.cpython-312.pyc
user/migrations/__pycache__/0001_initial.cpython-312.pyc
user/migrations/__pycache__/0002_business_alter_user_options_alter_account_business_and_more.cpython-312.pyc
user/migrations/__pycache__/0003_alter_businesspermission_unique_together_and_more.cpython-312.pyc
user/migrations/__pycache__/0004_alter_businesspermission_unique_together_and_more.cpython-312.pyc
user/migrations/__pycache__/0005_alter_businesspermission_unique_together_and_more.cpython-312.pyc
user/migrations/__pycache__/0006_alter_account_business_alter_account_user_and_more.cpython-312.pyc
user/migrations/__pycache__/0007_otp.cpython-312.pyc
